<effect>
<name>DisplayIMG</name>
<description>Draws the active image when the background color matches a specified one.</description>
<author>Yonatankr, DX11 port by NaitorStudios</author>
<BackgroundTexture>1</BackgroundTexture>
<parameter>
	<name>Red</name>
	<code>R</code>
	<description>Red</description>
	<type>float</type>
	<property>edit</property>
	<value>255</value>
</parameter>
<parameter>
	<name>Green</name>
	<code>G</code>
	<description>Red</description>
	<type>float</type>
	<property>edit</property>
	<value>0</value>
</parameter>
<parameter>
	<name>Blue</name>
	<code>B</code>
	<description>Red</description>
	<type>float</type>
	<property>edit</property>
	<value>0</value>
</parameter>
</effect>