<effect>
<name>Health Bar Effect v1.1.0</name>
<description>An Effect to create complex Health Bars - From ClickStore</description>
<author>Uppernate / BartekB, DX11 port by NaitorStudios</author>
<company>...</company>
<parameter>
		<name>Value</name>
		<code>fValue</code>
		<description>The result value of ( value / max_value )</description>
		<type>float</type>
		<property>edit</property>
		<value>1.0</value>
</parameter>
<parameter>
		<name>Gradient Image</name>
		<code>fImage</code>
		<description>The Image which is a gradient (white to black OR white to yellow to red to black) that will determine which pixels to remove at certain Values.</description>
		<type>image</type>
		<property>image</property>
</parameter>
<parameter>
		<name>Use a Border Image</name>
		<code>fBoolBorder</code>
		<description>If ticked, the border image will be drawn ontop of the standard active image.</description>
		<type>bool</type>
		<property>checkbox</property>
</parameter>
<parameter>
		<name>Border Image</name>
		<code>fBorderImage</code>
		<description>The Image to draw ontop of the Active Image.</description>
		<type>image</type>
		<property>image</property>
</parameter>
<parameter>
		<name>Use a Background Image</name>
		<code>fBoolBackground</code>
		<description>If ticked, the background image will be drawn on the pixels that disappeared on the standard active image.</description>
		<type>bool</type>
		<property>checkbox</property>
</parameter>
<parameter>
		<name>Background Image</name>
		<code>fBackgroundImage</code>
		<description>The Image to draw on the disappeared parts of the active image.</description>
		<type>image</type>
		<property>image</property>
</parameter>
<parameter>
		<name>Always draw the background image</name>
		<code>fBoolDraw</code>
		<description>If ticked, the background image will always fully draw behind the active image.</description>
		<type>bool</type>
		<property>checkbox</property>
</parameter>
</effect>
