<effect>
  <name>Hue Map</name>
  <description>Map input image from HSL to RGB. The input color's red component is used as the hue. The other components are ignored.</description>
  <parameter>
    <name>hue offset</name>
    <code>hue0</code>
    <description>The HSL hue component offset. Range: [0.0, 1.0]</description>
    <type>FLOAT</type>
    <property>EDIT</property>
    <value>0.0</value>
    <min>0.0</min>
    <max>1.0</max>
  </parameter>
  <parameter>
    <name>saturation</name>
    <code>saturation</code>
    <description>The HSL saturation component. Range: [0.0, 1.0]</description>
    <type>FLOAT</type>
    <property>EDIT</property>
    <value>0.8</value>
    <min>0.0</min>
    <max>1.0</max>
  </parameter>
  <parameter>
    <name>lightness</name>
    <code>lightness</code>
    <description>The HSL lightness component. Range: [0.0, 1.0]</description>
    <type>FLOAT</type>
    <property>EDIT</property>
    <value>1.0</value>
    <min>0.0</min>
    <max>1.0</max>
  </parameter>
</effect>
