<effect>
<name>Outer Glow</name>
<description>Apply an outer glow to the image.</description>
<author>Looki, edit by NaitorStudios</author>
<parameter>
	<name>Radius</name>
	<code>radius</code>
	<description>Radius of the glow in pixels.</description>
	<type>float</type>
	<property>edit</property>
	<value>3</value>
</parameter>
<parameter>
	<name>Exponent</name>
	<code>exponent</code>
	<description>The higher, the sharper the glow will be.</description>
	<type>float</type>
	<property>float</property>
	<value>2</value>
</parameter>
<parameter>
	<name>Color</name>
	<code>color</code>
	<description>The color of the glow.</description>
	<type>int_float4</type>
	<property>COLOR</property>
	<value>16711680</value>
</parameter>
<parameter>
	<name>Alpha</name>
	<code>alpha</code>
	<description>The alpha coefficient of the glow.</description>
	<type>float</type>
	<property>float</property>
	<value>1</value>
</parameter>
</effect>