<effect>
<name>Grain ps_2_0 for background</name>
<description></description>
<author>Looki, edit by NaitorStudios</author>
<BackgroundTexture>1</BackgroundTexture>
<parameter>
		<name>Seed</name>
		<code>fSeed</code>
		<type>float</type>
		<property>edit</property>
		<description></description>
		<value>0</value>
</parameter>
<parameter>
		<name>Strength</name>
		<code>fStrength</code>
		<type>float</type>
		<property>edit</property>
		<description></description>
		<value>0.5</value>
</parameter>
<parameter>
		<name>R</name>
		<code>iR</code>
		<type>bool</type>
		<property>checkbox</property>
		<description></description>
		<value>1</value>
</parameter>
<parameter>
		<name>G</name>
		<code>iG</code>
		<type>bool</type>
		<property>checkbox</property>
		<description></description>
		<value>1</value>
</parameter>
<parameter>
		<name>B</name>
		<code>iB</code>
		<type>bool</type>
		<property>checkbox</property>
		<description></description>
		<value>1</value>
</parameter>
<parameter>
		<name>A</name>
		<code>iA</code>
		<type>bool</type>
		<property>checkbox</property>
		<description></description>
		<value>0</value>
</parameter>
<parameter>
		<name>Invert multiplication</name>
		<code>iInvert</code>
		<type>bool</type>
		<property>checkbox</property>
		<description></description>
		<value>1</value>
</parameter>

</effect>