<effect>
<name>Palette Map for Background</name>
<description>Fades the color to the its opposite based on the difference to the background color.</description>
<author>Looki, background edit by NaitorStudios</author>
<BackgroundTexture>1</BackgroundTexture>
<parameter>
	<name>Palette</name>
	<code>palette</code>
	<description>The palette image to use.</description>
	<type>image</type>
	<property>image</property>
	<value>PaletteMap_NES.png</value>
</parameter>
<parameter>
	<name>Spectrum columns</name>
	<code>Cols</code>
	<description>The number of spectrum columns.</description>
	<type>int</type>
	<property>edit</property>
	<value>8</value>
</parameter>
<parameter>
	<name>Spectrum rows</name>
	<code>Rows</code>
	<description>The number of spectrum rows.</description>
	<type>int</type>
	<property>edit</property>
	<value>8</value>
</parameter>
<!--<parameter>
	<name>Spectrum X channel</name>
	<code>X</code>
	<description>0 = Hue, 1 = Saturation, 2 = Brightness.</description>
	<type>int</type>
	<property>slider</property>
	<value>0</value>
	<min>0</min>
	<max>2</max>
</parameter>
<parameter>
	<name>Spectrum Y channel</name>
	<code>Y</code>
	<description>0 = Hue, 1 = Saturation, 2 = Brightness.</description>
	<type>int</type>
	<property>slider</property>
	<value>1</value>
	<min>0</min>
	<max>2</max>
</parameter>
<parameter>
	<name>Spectrum index channel</name>
	<code>Index</code>
	<description>0 = Hue, 1 = Saturation, 2 = Brightness.</description>
	<type>int</type>
	<property>slider</property>
	<value>2</value>
	<min>0</min>
	<max>2</max>
</parameter>-->
</effect>