<effect>
<name>Lightness Box</name>
<author>MuddyMole, DX11 Port by NaitorStudios</author>
<description>Draws a lightness box.</description>
<parameter>
	<name>Hue</name>
	<code>fHue</code>
	<description>The color hue.</description>
	<type>int</type>
	<property>edit</property>
	<value>0</value>
	<min>0</min>
	<max>360</max>
</parameter>
<parameter>
	<name>Saturation</name>
	<code>fSaturation</code>
	<description>The color saturation.</description>
	<type>int</type>
	<property>edit</property>
	<value>255</value>
	<min>0</min>
	<max>255</max>
</parameter>

</effect>
