<effect>
<name>Inner Glow</name>
<description>Blurs the edges of the image and fills them with a color.</description>
<author>Looki, Improved by NaitorStudios</author>
<parameter>
	<name>Radius</name>
	<code>radius</code>
	<description>Radius of the glow in pixels.</description>
	<type>float</type>
	<property>edit</property>
	<value>5</value>
</parameter>
<parameter>
	<name>Exponent</name>
	<code>exponent</code>
	<description>The higher, the sharper the glow will be.</description>
	<type>float</type>
	<property>float</property>
	<value>2</value>
</parameter>
<parameter>
	<name>Color</name>
	<code>color</code>
	<description>Color of the glow.</description>
	<type>int_float4</type>
	<property>COLOR</property>
	<value>255</value>
</parameter>
	<sampler>
		<index>0</index>
		<AddressU>border</AddressU>
		<AddressV>border</AddressV>
		<BorderColor>16777215</BorderColor>
	</sampler>
</effect>