<effect>
<name>Zoom+Offset+Tiled</name>
<description>Transform the object into a tiled one</description>
<author>Sphax - Flavien Clermont</author>
<company>Complex-softwares</company>
<website>http://complex.softwares.free.fr</website>
<parameter>
		<name>Width</name>
		<code>fWidth</code>
		<description>Width coefficient</description>
		<type>float</type>
		<property>edit</property>
		<value>1.0</value>
		<min>0.0</min>
</parameter>
<parameter>
		<name>Height</name>
		<code>fHeight</code>
		<description>Height coefficient</description>
		<type>float</type>
		<property>edit</property>
		<value>1.0</value>
		<min>0.0</min>
</parameter>
<parameter>
		<name>Zoom X</name>
		<code>fZoomX</code>
		<description>X center of the zoom</description>
		<type>float</type>
		<property>edit</property>
		<value>0.5</value>
		<min>0.0</min>
</parameter>
<parameter>
		<name>Zoom Y</name>
		<code>fZoomY</code>
		<description>Y center of the zoom</description>
		<type>float</type>
		<property>edit</property>
		<value>0.5</value>
		<min>0.0</min>
</parameter>
<parameter>
		<name>Offset X</name>
		<code>fX</code>
		<description>Offset X of the picture in the object</description>
		<type>float</type>
		<property>edit</property>
		<value>0.0</value>
		<min>0.0</min>
</parameter>
<parameter>
		<name>Offset Y</name>
		<code>fY</code>
		<description>Offset X of the picture in the object</description>
		<type>float</type>
		<property>edit</property>
		<value>0.0</value>
		<min>0.0</min>
</parameter>
</effect>

