<effect>
<name>Full Color (Float)</name>
<description>Sets the color of the entire sprite to only one RGB value. Values range from 0.0 to 1.0</description>
<author>YohananDiamond, EX64</author>
<copyright>Free for commercial and not commercial, no attribution needed</copyright>
<parameter>
        <name>R Value</name>
        <code>color_r</code>
        <description>The amount of (R)ed on the color - from 0.0 to 1.0.</description>
        <type>float</type>
        <property>edit</property>
        <value>1.0</value>
        <min>0.0</min>
        <max>1.0</max>
</parameter>
<parameter>
        <name>G Value</name>
        <code>color_g</code>
        <description>The amount of (G)reen on the color - from 0.0 to 1.0.</description>
        <type>float</type>
        <property>edit</property>
        <value>1.0</value>
        <min>0.0</min>
        <max>1.0</max>
</parameter>
<parameter>
        <name>B Value</name>
        <code>color_b</code>
        <description>The amount of (B)lue on the color - from 0.0 to 1.0.</description>
        <type>float</type>
        <property>edit</property>
        <value>1.0</value>
        <min>0.0</min>
        <max>1.0</max>
</parameter>
</effect>