<effect>
<name>Colorizer</name>
<description>Like LIJI's thing. But faster.</description>
<author>Looki</author>
<BackgroundTexture>1</BackgroundTexture>
<parameter>
	<name>R In R Out</name>
	<code>rr</code>
	<type>float</type>
	<property>EDIT</property>
	<value>1.0</value>
</parameter>
<parameter>
	<name>R In G Out</name>
	<code>rg</code>
	<type>float</type>
	<property>EDIT</property>
	<value>0.0</value>
</parameter>
<parameter>
	<name>R In B Out</name>
	<code>rb</code>
	<type>float</type>
	<property>EDIT</property>
	<value>0.0</value>
</parameter>
<parameter>
	<name>G In R Out</name>
	<code>gr</code>
	<type>float</type>
	<property>EDIT</property>
	<value>0.0</value>
</parameter>
<parameter>
	<name>G In G Out</name>
	<code>gg</code>
	<type>float</type>
	<property>EDIT</property>
	<value>1.0</value>
</parameter>
<parameter>
	<name>G In B Out</name>
	<code>gb</code>
	<type>float</type>
	<property>EDIT</property>
	<value>0.0</value>
</parameter>
<parameter>
	<name>B In R Out</name>
	<code>br</code>
	<type>float</type>
	<property>EDIT</property>
	<value>0.0</value>
</parameter>
<parameter>
	<name>B In G Out</name>
	<code>bg</code>
	<type>float</type>
	<property>EDIT</property>
	<value>0.0</value>
</parameter>
<parameter>
	<name>B In B Out</name>
	<code>bb</code>
	<type>float</type>
	<property>EDIT</property>
	<value>1.0</value>
</parameter>
</effect>