<effect>
  <name>Glitch</name>
  <description>Creates horizontal tearing and color bleeding </description>
  <author>Shadoku</author>
  <company></company>
  <parameter>
    <name>Power</name>
    <code>fPow</code>
    <description>Power of tearing effect, lower is more powerful</description>
    <type>float</type>
    <property>edit</property>
    <value>32</value>
  </parameter>
  <parameter>
    <name>Bleed</name>
    <code>fBleed</code>
    <description>Power of color bleeding</description>
    <type>float</type>
    <property>edit</property>
    <value>16</value>
  </parameter>
  <parameter>
    <name>Distortion map</name>
    <description>Control power of distortion, red channel controls tearing and green channel controls color bleed</description>
    <code>dist_map</code>
    <type>IMAGE</type>
    <property>IMAGE</property>
    <value></value>
  </parameter>
</effect>

