<effect>
<name>Antialiasing upscale</name>
<description>Upscale the screen to a higher resolution using antialiasing.
Special thanks to Salamanderpants for making this extension possible.</description>
<author>Sebastian Janisz</author>
<company>Ultimate Walrus</company>
<website>http://ultimatewalrus.com</website>


<parameter>
		<name>Source width</name>
		<code>fSourceWidth</code>
		<description>Width in pixels of the size of the area to enlarge.</description>
		<type>float</type> // Type (int, float or int_float4)
		<property>edit</property> // Property type (EDIT, SLIDER, SPIN, CHECKBOX, COLOR)
		<value>320</value>
</parameter>


<parameter>
		<name>Source height</name>
		<code>fSourceHeight</code>
		<description>Height in pixels of the size of the area to enlarge.</description>
		<type>float</type> // Type (int, float or int_float4)
		<property>edit</property> // Property type (EDIT, SLIDER, SPIN, CHECKBOX, COLOR)
		<value>240</value>
</parameter>

<parameter>
		<name>Viewport width</name>
		<code>fViewportWidth</code>
		<description>Width in pixels of the viewport we are stretching to.</description>
		<type>float</type> // Type (int, float or int_float4)
		<property>edit</property> // Property type (EDIT, SLIDER, SPIN, CHECKBOX, COLOR)
		<value>640</value>
</parameter>


<parameter>
		<name>Viewport height</name>
		<code>fViewportHeight</code>
		<description>Height in pixels of the viewport we are stretching to.</description>
		<type>float</type> // Type (int, float or int_float4)
		<property>edit</property> // Property type (EDIT, SLIDER, SPIN, CHECKBOX, COLOR)
		<value>480</value>
</parameter>


</effect>

