<effect>
<name>Color Replacer Dynamic MP</name>
<author>DX9 by Looki, DX11 by NaitorStudios</author>

<parameter>
	<name>From</name>
	<code>from1</code>
	<type>int_float4</type>
	<property>COLOR</property>
	<value>8421376</value>
</parameter>
<parameter>
	<name>To</name>
	<code>to1</code>
	<type>int_float4</type>
	<property>COLOR</property>
	<value>65280</value>
</parameter>

<parameter>
	<name>From</name>
	<code>from2</code>
	<type>int_float4</type>
	<property>COLOR</property>
	<value>0</value>
</parameter>
<parameter>
	<name>To</name>
	<code>to2</code>
	<type>int_float4</type>
	<property>COLOR</property>
	<value>0</value>
</parameter>

<parameter>
	<name>From</name>
	<code>from3</code>
	<type>int_float4</type>
	<property>COLOR</property>
	<value>0</value>
</parameter>
<parameter>
	<name>To</name>
	<code>to3</code>
	<type>int_float4</type>
	<property>COLOR</property>
	<value>0</value>
</parameter>

<parameter>
	<name>From</name>
	<code>from4</code>
	<type>int_float4</type>
	<property>COLOR</property>
	<value>0</value>
</parameter>
<parameter>
	<name>To</name>
	<code>to4</code>
	<type>int_float4</type>
	<property>COLOR</property>
	<value>0</value>
</parameter>

<parameter>
	<name>From</name>
	<code>from5</code>
	<type>int_float4</type>
	<property>COLOR</property>
	<value>0</value>
</parameter>
<parameter>
	<name>To</name>
	<code>to5</code>
	<type>int_float4</type>
	<property>COLOR</property>
	<value>0</value>
</parameter>

<parameter>
	<name>From</name>
	<code>from6</code>
	<type>int_float4</type>
	<property>COLOR</property>
	<value>0</value>
</parameter>
<parameter>
	<name>To</name>
	<code>to6</code>
	<type>int_float4</type>
	<property>COLOR</property>
	<value>0</value>
</parameter>

<parameter>
	<name>From</name>
	<code>from7</code>
	<type>int_float4</type>
	<property>COLOR</property>
	<value>0</value>
</parameter>
<parameter>
	<name>To</name>
	<code>to7</code>
	<type>int_float4</type>
	<property>COLOR</property>
	<value>0</value>
</parameter>

<parameter>
	<name>From</name>
	<code>from8</code>
	<type>int_float4</type>
	<property>COLOR</property>
	<value>0</value>
</parameter>
<parameter>
	<name>To</name>
	<code>to8</code>
	<type>int_float4</type>
	<property>COLOR</property>
	<value>0</value>
</parameter>

<parameter>
	<name>From</name>
	<code>from9</code>
	<type>int_float4</type>
	<property>COLOR</property>
	<value>0</value>
</parameter>
<parameter>
	<name>To</name>
	<code>to9</code>
	<type>int_float4</type>
	<property>COLOR</property>
	<value>0</value>
</parameter>

<parameter>
	<name>From</name>
	<code>from10</code>
	<type>int_float4</type>
	<property>COLOR</property>
	<value>0</value>
</parameter>
<parameter>
	<name>To</name>
	<code>to10</code>
	<type>int_float4</type>
	<property>COLOR</property>
	<value>0</value>
</parameter>

<parameter>
	<name>From</name>
	<code>from11</code>
	<type>int_float4</type>
	<property>COLOR</property>
	<value>0</value>
</parameter>
<parameter>
	<name>To</name>
	<code>to11</code>
	<type>int_float4</type>
	<property>COLOR</property>
	<value>0</value>
</parameter>

<parameter>
	<name>From</name>
	<code>from12</code>
	<type>int_float4</type>
	<property>COLOR</property>
	<value>0</value>
</parameter>
<parameter>
	<name>To</name>
	<code>to12</code>
	<type>int_float4</type>
	<property>COLOR</property>
	<value>0</value>
</parameter>

<parameter>
	<name>From</name>
	<code>from13</code>
	<type>int_float4</type>
	<property>COLOR</property>
	<value>0</value>
</parameter>
<parameter>
	<name>To</name>
	<code>to13</code>
	<type>int_float4</type>
	<property>COLOR</property>
	<value>0</value>
</parameter>

<parameter>
	<name>From</name>
	<code>from14</code>
	<type>int_float4</type>
	<property>COLOR</property>
	<value>0</value>
</parameter>
<parameter>
	<name>To</name>
	<code>to14</code>
	<type>int_float4</type>
	<property>COLOR</property>
	<value>0</value>
</parameter>

<parameter>
	<name>From</name>
	<code>from15</code>
	<type>int_float4</type>
	<property>COLOR</property>
	<value>0</value>
</parameter>
<parameter>
	<name>To</name>
	<code>to15</code>
	<type>int_float4</type>
	<property>COLOR</property>
	<value>0</value>
</parameter>
<!---
<parameter>
	<name>From</name>
	<code>from16</code>
	<type>int_float4</type>
	<property>COLOR</property>
	<value>0</value>
</parameter>

<parameter>
	<name>To</name>
	<code>to16</code>
	<type>int_float4</type>
	<property>COLOR</property>
	<value>0</value>
</parameter>
<parameter>
	<name>From</name>
	<code>from17</code>
	<type>int_float4</type>
	<property>COLOR</property>
	<value>0</value>
</parameter>
<parameter>
	<name>To</name>
	<code>to17</code>
	<type>int_float4</type>
	<property>COLOR</property>
	<value>0</value>
</parameter>

<parameter>
	<name>From</name>
	<code>from18</code>
	<type>int_float4</type>
	<property>COLOR</property>
	<value>0</value>
</parameter>
<parameter>
	<name>To</name>
	<code>to18</code>
	<type>int_float4</type>
	<property>COLOR</property>
	<value>0</value>
</parameter>

<parameter>
    <name>From</name>
    <code>from19</code>
    <type>int_float4</type>
    <property>COLOR</property>
    <value>0</value>
</parameter>
<parameter>
    <name>To</name>
    <code>to19</code>
    <type>int_float4</type>
    <property>COLOR</property>
    <value>0</value>
</parameter>
<parameter>
	<name>From</name>
	<code>from20</code>
	<type>int_float4</type>
	<property>COLOR</property>
	<value>0</value>
</parameter>
<parameter>
	<name>To</name>
	<code>to20</code>
	<type>int_float4</type>
	<property>COLOR</property>
	<value>0</value>
</parameter>
--->

</effect>