<effect>
<name>Blured Shadow</name>
<description>Simple blur</description>
<author>Sphax - Flavien Clermont</author>
<company>Complex-softwares</company>
<website>http://complex.softwares.free.fr</website>
<parameter>
		<name>X Coeff</name>
		<code>fXc</code>
		<description>Blur X offset coefficient</description>
		<type>float</type>
		<property>edit</property>
		<value>0.01</value>
		<min>0.0</min>
		<max>0.5</max>
</parameter>
<parameter>
		<name>Y Coeff</name>
		<code>fYc</code>
		<description>Blur Y offset coefficient</description>
		<type>float</type>
		<property>edit</property>
		<value>0.01</value>
		<min>0.0</min>
		<max>0.5</max>
</parameter>
<parameter>
		<name>Shadow Color</name>
		<code>color</code>
		<description></description>
		<type>int_float4</type>
		<property>color</property>
		<value>1</value>
</parameter>
</effect>

