<effect>
<name>Scale2x BG</name>
<description>Upscale the screen to a higher resolution using a modified Scale2x upscaling algorithm.
This version takes info from the background rather than the current layer.
Special thanks to Salamanderpants for making this extension possible.</description>
<author>Sebastian Janisz</author>
<company>Ultimate Walrus</company>
<website>http://ultimatewalrus.com</website>

<BackgroundTexture>1</BackgroundTexture>

<parameter>
		<name>Subpixel offset X</name>
		<code>fSubPixelOffsetX</code>
		<description>Number of half-pixels to offset the output's X by.</description>
		<type>float</type> // Type (int, float or int_float4)
		<property>edit</property> // Property type (EDIT, SLIDER, SPIN, CHECKBOX, COLOR)
		<value>0</value>
</parameter>


<parameter>
		<name>Subpixel offset Y</name>
		<code>fSubPixelOffsetY</code>
		<description>Number of half-pixels to offset the output's Y by.</description>
		<type>float</type> // Type (int, float or int_float4)
		<property>edit</property> // Property type (EDIT, SLIDER, SPIN, CHECKBOX, COLOR)
		<value>0</value>
</parameter>

</effect>

