<effect>
<name>Flip</name>
<description>Flip the texture of the object</description>
<author>Sphax - Flavien Clermont</author>
<company>Complex-softwares</company>
<website>http://complex.softwares.free.fr</website>
<parameter>
	<name>Flip X</name>
	<code>iFlipX</code>
	<description>Flip horizontally</description>
	<type>int</type>
	<property>checkbox</property>
	<value>1</value>
</parameter>
<parameter>
	<name>Flip Y</name>
	<code>iFlipY</code>
	<description>Flip vertically</description>
	<type>int</type>
	<property>checkbox</property>
	<value>1</value>
</parameter>
</effect>

