<effect>
<name>3D Shader</name>
<description>A Perspective Shader for use in 3D applications</description>
<author>Werbad</author>
<parameter>
		<name>Left Height</name>
		<description></description>
		<code>h1</code>
		<type>float</type>
		<property>edit</property>
		<value>1.0</value>
</parameter>
<parameter>
		<name>Right Height</name>
		<description></description>
		<code>h2</code>
		<type>float</type>
		<property>edit</property>
		<value>0.5</value>
</parameter>
<parameter>
		<name>Left Center</name>
		<description></description>
		<code>c1</code>
		<type>float</type>
		<property>edit</property>
		<value>0.5</value>
</parameter>
<parameter>
		<name>Right Center</name>
		<description></description>
		<code>c2</code>
		<type>float</type>
		<property>edit</property>
		<value>0.5</value>
</parameter>
<parameter>
		<name>Texture Left</name>
		<description></description>
		<code>t1</code>
		<type>float</type>
		<property>edit</property>
		<value>0.0</value>
</parameter>
<parameter>
		<name>Texture Right</name>
		<description></description>
		<code>t2</code>
		<type>float</type>
		<property>edit</property>
		<value>1.0</value>
</parameter>
<parameter>
		<name>Left Light</name>
		<description></description>
		<code>l1</code>
		<type>float</type>
		<property>edit</property>
		<value>1</value>
</parameter>
<parameter>
		<name>Right Light</name>
		<description></description>
		<code>l2</code>
		<type>float</type>
		<property>edit</property>
		<value>1</value>
</parameter>
</effect>

