<effect>
<name>RGB Offset/Scale</name>
<description>Controls each color channel separately (except alpha, which is split between RGB).</description>
<author>NaitorStudios</author>

<parameter>
	<name>R X Offset</name>
	<code>rX</code>
	<description>X Offset</description>
	<type>float</type>
	<property>edit</property>
	<value>0</value>
</parameter>
<parameter>
	<name>R Y Offset</name>
	<code>rY</code>
	<description>Y Offset</description>
	<type>float</type>
	<property>edit</property>
	<value>0</value>
</parameter>
<parameter>
	<name>R Width</name>
	<code>rW</code>
	<description></description>
	<type>float</type>
	<property>edit</property>
	<value>1</value>
</parameter>
<parameter>
	<name>R Height</name>
	<code>rH</code>
	<description></description>
	<type>float</type>
	<property>edit</property>
	<value>1</value>
</parameter>


<parameter>
	<name>G X Offset</name>
	<code>gX</code>
	<description>X Offset</description>
	<type>float</type>
	<property>edit</property>
	<value>0</value>
</parameter>
<parameter>
	<name>G Y Offset</name>
	<code>gY</code>
	<description>Y Offset</description>
	<type>float</type>
	<property>edit</property>
	<value>0</value>
</parameter>
<parameter>
	<name>G Width</name>
	<code>gW</code>
	<description></description>
	<type>float</type>
	<property>edit</property>
	<value>1</value>
</parameter>
<parameter>
	<name>G Height</name>
	<code>gH</code>
	<description></description>
	<type>float</type>
	<property>edit</property>
	<value>1</value>
</parameter>

<parameter>
	<name>B X Offset</name>
	<code>bX</code>
	<description>X Offset</description>
	<type>float</type>
	<property>edit</property>
	<value>0</value>
</parameter>
<parameter>
	<name>B Y Offset</name>
	<code>bY</code>
	<description>Y Offset</description>
	<type>float</type>
	<property>edit</property>
	<value>0</value>
</parameter>
<parameter>
	<name>B Width</name>
	<code>bW</code>
	<description></description>
	<type>float</type>
	<property>edit</property>
	<value>1</value>
</parameter>
<parameter>
	<name>B Height</name>
	<code>bH</code>
	<description></description>
	<type>float</type>
	<property>edit</property>
	<value>1</value>
</parameter>

</effect>

