<effect>
  <name>Mode7-ish Shader</name>
  <description>
    Projects an image onto the canvas of the active object using this
    shader, using a 3D perspective effect similar to Mode7. The perspective is
    controlled by a camera which provides a position and an angle for the user's
    POV in the Mode7-projected space. From here, the main image is transformed
    so that it appears to be a slanted plane that is pinched toward the horizon.
    Additional camera controls are also provided for further controlling the
    field of view.
  </description>
  <parameter>
    <name>Camera X</name>
    <code>camX</code>
    <description>The X position of the camera, in pixels. This supports subpixels.</description>
    <type>FLOAT</type>
    <property>EDIT</property>
    <value>0.0</value>
  </parameter>
  <parameter>
    <name>Camera Y</name>
    <code>camY</code>
    <description>The Y position of the camera, in pixels. This supports subpixels.</description>
    <type>FLOAT</type>
    <property>EDIT</property>
    <value>0.0</value>
  </parameter>
  <parameter>
    <name>Camera zoom</name>
    <code>zoom</code>
    <description>
      A multiplier for how zoomed in the camera is.
      1.0 = normal.
      < 1.0 is zoomed out.
      > 1.0 is zoomed in.
    </description>
    <type>FLOAT</type>
    <property>EDIT</property>
    <value>1.0</value>
  </parameter>
  <parameter>
    <name>Camera angle</name>
    <code>camTheta</code>
    <description>
      The angle the camera is facing, in radians.
      0 corresponds to looking down the positive X axis.
      PI/2 corresponds to looking down the negative Y axis.
      PI corresponds to looking down the negative X axis.
      3*PI/2 corresponds to looking down the positive Y axis.
    </description>
    <type>FLOAT</type>
    <property>EDIT</property>
    <value>0.0</value>
  </parameter>
  <parameter>
    <name>Camera field of view</name>
    <code>camFOV</code>
    <description>
      A multiplier for how pinched the image becomes toward the horizon.
      1.0 is maximum pinch and will give the impression of looking off into infinity.
      0.0 is no pinch and will give the impression of looking straight down on the image.
    </description>
    <type>FLOAT</type>
    <property>EDIT</property>
    <value>1.0</value>
    <min>0.0</min>
    <max>1.0</max>
  </parameter>
  <parameter>
    <name>Camera offset</name>
    <code>camDist</code>
    <description>
      If this is non-zero, then the camera's X,Y parameters are treated as the
      focal point of the camera's rotation, and the camera itself is a number of
      pixels (in image space) away from that point equal to this offset.
      This supports subpixels.
    </description>
    <type>FLOAT</type>
    <property>EDIT</property>
    <value>0.0</value>
  </parameter>
  <parameter>
    <name>Fog color</name>
    <code>fogColor</code>
    <description>The color of the fog.</description>
    <type>int_float4</type>
    <property>COLOR</property>
    <value>0.0</value>
  </parameter>
  <parameter>
    <name>Fog intensity</name>
    <code>fogAlpha</code>
    <description>The intensity of the fog. Use 0 to turn fog off.</description>
    <type>FLOAT</type>
    <property>EDIT</property>
    <value>0.0</value>
  </parameter>
  <parameter>
    <name>Source image</name>
    <code>srcImage</code>
    <description>The image that is rendered for the Mode7 projection.</description>
    <type>IMAGE</type>
    <property>IMAGE</property>
  </parameter>
  <parameter>
    <name>Image width</name>
    <code>srcWidth</code>
    <description>The width of the source image, in pixels.</description>
    <type>INT</type>
    <property>INT</property>
    <value>32</value>
    <min>0</min>
  </parameter>
  <parameter>
    <name>Image height</name>
    <code>srcHeight</code>
    <description>The height of the source image, in pixels.</description>
    <type>INT</type>
    <property>INT</property>
    <value>32</value>
    <min>0</min>
  </parameter>
  <parameter>
    <name>Image wrapping mode</name>
    <code>wrapMode</code>
    <description>
      Sets whether the image wraps around the X and Y axis (in image space).
      0 = no wrapping
      1 = wrap X
      2 = wrap Y
      3 = wrap X and Y
    </description>
    <type>INT</type>
    <property>INT</property>
    <value>0</value>
    <min>0</min>
    <max>3</max>
  </parameter>
</effect>
