<effect>
<name>Invert and Contrast</name>
<description>Invert or change contrast of the colors with a coefficient</description>
<author>Sphax - Flavien Clermont</author>
<company>Complex-softwares</company>
<website>http://complex.softwares.free.fr</website>
<parameter>
		<name>Coeff</name>
		<code>fCoeff</code>
		<description>Effect coefficient</description>
		<type>float</type>
		<property>edit</property>
		<value>1.0</value>
		<min>-1.0</min>
		<max>1.0</max>
</parameter>
</effect>

