<effect>
<name>Brightness + Saturation for Background</name>
<author>Sphax, merged by Looki, edit by NaitorStudios</author>
<BackgroundTexture>1</BackgroundTexture>
<parameter>
		<name>Saturation</name>
		<code>Saturation</code>
		<description>Saturation coefficient</description>
		<type>float</type>
		<property>edit</property>
		<value>1.5</value>
</parameter>
<parameter>
		<name>Brightness</name>
		<code>Brightness</code>
		<description>Brightness coefficient</description>
		<type>float</type>
		<property>edit</property>
		<value>0.0</value>
</parameter>
</effect>