<effect>
	<name>Equirectangular Projection</name>
	<description>Takes an equirectangular image and projects a view with 3D perspective.</description>
	<author>rosme on Shadertoy (converted by Tuparman) (Ported to DX11 by RadiusNic)</author>
<BackgroundTexture>1</BackgroundTexture>
  <sampler>
    <index>1</index>
    <filter>linear</filter>
  </sampler>
  <parameter>
		<name>Horizontal FOV</name>
		<description>Horizontal field of view.</description>
		<variable>fHFOV</variable>
		<type>float</type>
		<value>120.0</value>
		<preview_value>120.0</preview_value>
	</parameter>
	<parameter>
		<name>Vertical FOV</name>
		<description>Vertical field of view.</description>
		<variable>fVFOV</variable>
		<type>float</type>
		<value>120.0</value>
		<preview_value>120.0</preview_value>
	</parameter>
	<parameter>
		<name>X Zoom</name>
		<description>Zoom factor in the X axis.</description>
		<variable>fXZoom</variable>
		<type>float</type>
		<value>1</value>
	</parameter>
	<parameter>
		<name>Y Zoom</name>
		<description>Zoom factor in the Y axis.</description>
		<variable>fYZoom</variable>
		<type>float</type>
		<value>1</value>
	</parameter>
	<parameter>
		<name>Focal X</name>
		<description>Focal point in the X axis.</description>
		<variable>fX</variable>
		<type>float</type>
		<value>0.5</value>
	</parameter>
	<parameter>
		<name>Focal Y</name>
		<description>Focal point in the Y axis.</description>
		<variable>fY</variable>
		<type>float</type>
		<value>0.5</value>
	</parameter>
</effect>

