<effect>
<name>Lens AA</name>
<description>Zoom the background using the object's texture. Uses linear resampling for a smooth distortion.</description>
<author>Looki</author>
<BackgroundTexture>1</BackgroundTexture>
<sampler>
<index>1</index>
<filter>LINEAR</filter>
</sampler>
<parameter>
<name>Coeff</name>
<variable>fCoeff</variable>
<type>float</type>
<value>1.0</value>
</parameter>
<parameter>
<name>Base</name>
<variable>fBase</variable>
<type>float</type>
<value>1.0</value>
</parameter>
</effect>

