<effect>
<name>9-Slice</name>
<author>NaitorStudios</author>
<description>Create custom-scaled graphical boxes with ease.</description>
<parameter>
		<name>X Scale factor</name>
		<code>xScale</code>
		<description>Used to determine non-scaled size.</description>
		<type>float</type>
		<property>edit</property>
		<value>1.0</value>
</parameter>
<parameter>
		<name>Y Scale factor</name>
		<code>yScale</code>
		<description>Used to determine non-scaled size.</description>
		<type>float</type>
		<property>edit</property>
		<value>1.0</value>
</parameter>
</effect>
