<effect>
<name>Alpha Threshold</name>
<description>Limits and smooth alpha channel.</description>
<author>NaitorStudios</author>
<company></company>
<website></website>
<parameter>
		<name>Threshold</name>
		<code>threshold</code>
		<description></description>
		<type>float</type>
		<property>spin</property>
		<value>0.5</value>
		<min>0.0</min>
		<max>1.0</max>
</parameter>

<parameter>
		<name>Smoothness</name>
		<code>smoothness</code>
		<description></description>
		<type>float</type>
		<property>spin</property>
		<value>0.25</value>
		<min>0.0</min>
		<max>1.0</max>
</parameter>

<parameter>
		<name>Opacity</name>
		<code>opacity</code>
		<description>Since blend coef should affect the result, this parameter was added to replace it.</description>
		<type>float</type>
		<property>edit</property>
		<value>1.0</value>
		<min>0.0</min>
		<max>1.0</max>
</parameter>

</effect>

