<effect>
<name>Get Color Mask</name>
<description>Keep Color. Keeps the selected color but replaces all other colors with the specified new color.</description>
<author>Looki</author>
<parameter>
	<name>Keep color</name>
	<code>keep</code>
	<description>The color to keep.</description>
	<type>int_float4</type>
	<property>COLOR</property>
	<value>16711935</value>
</parameter>
<parameter>
	<name>Replace others</name>
	<code>singleTone</code>
	<description>Enabling this will hide the black and white versions of the colors</description>
	<type>int</type>
	<property>checkbox</property>
	<value>0</value>
</parameter>
<parameter>
	<name>Replacement color</name>
	<code>replace</code>
	<description>The new color for all other pixels.</description>
	<type>int_float4</type>
	<property>COLOR</property>
	<value>16777215</value>
</parameter>
<parameter>
	<name>Transparent color</name>
	<code>transparent</code>
	<description></description>
	<type>int_float4</type>
	<property>COLOR</property>
	<value>0</value>
</parameter>
</effect>