<effect>
	<name>PixelPalette (Multi Palette)</name>
	<author>NaitorStudios</author>
	<description>Uses red value as index for a color from a palette. You can have any amount of palettes, each one can have up to 256 colors. On iOS, lerpA and lerpB must be shifted by 1, so when refering to the first palette use -1, second palette 0.</description>
	
	<!---Palettes--->
	
	<parameter>
		<name>Palettes</name>
		<code>Palettes</code>
		<description>A palette with 256px of width, use each row for a new palette.</description>
		<type>image</type>
		<property>image</property>
	</parameter>
	
	<parameter>
		<name>Palette amount</name>
		<code>nPal</code>
		<description>The amount of rows. If you have more than one and don't specify, it might get the wrong palette colors.</description>
		<type>int</type>
		<value>1</value>
		<property>slider</property>
		<min>0</min>
		<max>256</max>
	</parameter>
	
	
	<parameter>
		<name>Mix A</name>
		<code>lerpA</code>
		<description>Start palette. If you don't need mixing, you can just set the palette with this and leave Mix Value as 0.</description>
		<type>int</type>
		<property>slider</property>
		<value>0</value>
		<min>-1</min>
		<max>257</max>
	</parameter>
	
	<parameter>
		<name>Mix B</name>
		<code>lerpB</code>
		<description>End palette</description>
		<type>int</type>
		<property>slider</property>
		<value>-1</value>
		<min>0</min>
		<max>257</max>
	</parameter>
	
	
	<parameter>
		<name>Mix Value</name>
		<code>lerpVal</code>
		<description>Mixes the colors between Palette A and B.</description>
		<type>float</type>
		<property>edit</property>
		<value>0.0</value>
	</parameter>

	<sampler>
	<index>0</index>
	<filter>Point</filter>
	</sampler>

	<sampler>
	<index>1</index>
	<filter>Point</filter>
	</sampler>
</effect>