<effect>
<name>Force 16 Colors</name>
<description>Sets all pixels to the nearest of 16 user-specified colors. Based on OpenGL shaders by andreyin and Gigatron.</description>
<author>Looki, andreyin, Gigatron. Updated by NaitorStudios</author>
<parameter>
	<name>Brightness</name>
	<code>brightness</code>
	<type>float</type>
	<property>EDIT</property>
	<value>1.0</value>
</parameter>
<parameter>
	<name>Maintain Alpha</name>
	<code>alpha</code>
	<type>bool</type>
	<property>checkbox</property>
	<value>1</value>
</parameter>
<parameter>
	<name>Color 1</name>
	<code>color1</code>
	<type>int_float4</type>
	<property>COLOR</property>
	<value>0</value>
</parameter>
<parameter>
	<name>Color 2</name>
	<code>color2</code>
	<type>int_float4</type>
	<property>COLOR</property>
	<value>5449086</value>
</parameter>
<parameter>
	<name>Color 3</name>
	<code>color3</code>
	<type>int_float4</type>
	<property>COLOR</property>
	<value>5046527</value>
</parameter>
<parameter>
	<name>Color 4</name>
	<code>color4</code>
	<type>int_float4</type>
	<property>COLOR</property>
	<value>11040767</value>
</parameter>
<parameter>
	<name>Color 5</name>
	<code>color5</code>
	<type>int_float4</type>
	<property>COLOR</property>
	<value>11193599</value>
</parameter>
<parameter>
	<name>Color 6</name>
	<code>color6</code>
	<type>int_float4</type>
	<property>COLOR</property>
	<value>3560107</value>
</parameter>
<parameter>
	<name>Color 7</name>
	<code>color7</code>
	<type>int_float4</type>
	<property>COLOR</property>
	<value>8074016</value>
</parameter>
<parameter>
	<name>Color 8</name>
	<code>color8</code>
	<type>int_float4</type>
	<property>COLOR</property>
	<value>41983</value>
</parameter>
<parameter>
	<name>Color 9</name>
	<code>color9</code>
	<type>int_float4</type>
	<property>COLOR</property>
	<value>10253955</value>
</parameter>
<parameter>
	<name>Color 10</name>
	<code>color10</code>
	<type>int_float4</type>
	<property>COLOR</property>
	<value>2615295</value>
</parameter>
<parameter>
	<name>Color 11</name>
	<code>color11</code>
	<type>int_float4</type>
	<property>COLOR</property>
	<value>16756009</value>
</parameter>
<parameter>
	<name>Color 12</name>
	<code>color12</code>
	<type>int_float4</type>
	<property>COLOR</property>
	<value>4539717</value>
</parameter>
<parameter>
	<name>Color 13</name>
	<code>color13</code>
	<type>int_float4</type>
	<property>COLOR</property>
	<value>13091778</value>
</parameter>
<parameter>
	<name>Color 14</name>
	<code>color14</code>
	<type>int_float4</type>
	<property>COLOR</property>
	<value>3244800</value>
</parameter>
<parameter>
	<name>Color 15</name>
	<code>color15</code>
	<type>int_float4</type>
	<property>COLOR</property>
	<value>3334656</value>
</parameter>
<parameter>
	<name>Color 16</name>
	<code>color16</code>
	<type>int_float4</type>
	<property>COLOR</property>
	<value>15266303</value>
</parameter>
</effect>