<effect>
<name>Glow</name>
<description>Add a Glow around the object</description>
<author>Sphax - Flavien Clermont</author>
<company>Complex-softwares</company>
<website>http://complex.softwares.free.fr</website>
<parameter>
		<name>Glow power</name>
		<code>fGlowPower</code>
		<description>Glow coefficient</description>
		<type>float</type>
		<property>edit</property>
		<value>0.01</value>
		<min>0.0</min>
		<max>0.5</max>
</parameter>
<parameter>
		<name>Glow color</name>
		<code>fGlowColor</code>
		<description>Glow coefficient</description>
		<type>int_float4</type>
		<property>COLOR</property>
		<value>0</value>
</parameter>
<parameter>
		<name>Contrast</name>
		<code>fContrast</code>
		<description>Contrast coefficient</description>
		<type>float</type>
		<property>edit</property>
		<value>0</value>
		<min>0.0</min>
		<max>1.0</max>
</parameter>
</effect>

