<effect>
<name>Hue Box</name>
<author>MuddyMole, DX11 Port by NaitorStudios</author>
<description>Draws a hue box.</description>
<parameter>
	<name>Saturation</name>
	<code>fSaturation</code>
	<description>The color saturation.</description>
	<type>int</type>
	<property>edit</property>
	<value>255</value>
	<min>0</min>
	<max>255</max>
</parameter>
<parameter>
	<name>Lightness</name>
	<code>fLightness</code>
	<description>The color lightness.</description>
	<type>int</type>
	<property>edit</property>
	<value>128</value>
	<min>0</min>
	<max>255</max>
</parameter>

</effect>
