<effect>
	<name>Zoom</name>
	<description>Zooms in on the centre of an image.</description>
	<author>Sketchy, DX11 Port by NaitorStudios</author>
	<parameter>
		<name>Zoom</name>
		<code>zoom</code>
		<description>Zoom level.</description>
		<type>float</type>
		<property>edit</property>
		<value>1</value>
		<min>1</min>
	</parameter>
	<sampler>
		<index>1</index>
		<filter>linear</filter>
		<filter>linear</filter>
		<addressU>wrap</addressU>
		<addressV>wrap</addressV>
	</sampler>
</effect>
