<effect>
<name>AnaglyphShader</name>
<description>A full Anaglyph Shader for cool anaglyph-glasses :P</description>
<author>Jens van Dijk</author>
<company>Nijumi Games</company>
<website>http://www.nijumi.de</website>

<parameter>
<name>Distance</name>
<variable>dist</variable>
<type>float</type>
<value>0.02</value>
</parameter>

<parameter>
<name>OffsetX</name>
<variable>offx</variable>
<type>float</type>
<value>0.3</value>
</parameter>

<parameter>
<name>OffsetY</name>
<variable>offy</variable>
<type>float</type>
<value>0.3</value>
</parameter>

</effect>

