<effect>
<name>Lens</name>
<description>Zoom the background using the object's texture.</description>
<author>Looki</author>
<BackgroundTexture>1</BackgroundTexture>
<parameter>
<name>Coeff</name>
<variable>fCoeff</variable>
<type>float</type>
<value>1.0</value>
</parameter>
<parameter>
<name>Base</name>
<variable>fBase</variable>
<type>float</type>
<value>1.0</value>
</parameter>
<sampler>
<index>1</index>
<addressU>wrap</addressU>
<addressV>wrap</addressV>
</sampler>
</effect>

