<effect>
<name>Colorize: Parts RGBYCM</name>
<description>Change pure R/G/B/Y/C/M parts to colorized ones</description>
<author>Sphax - Flavien Clermont</author>
<company>Complex-softwares</company>
<website>http://complex.softwares.free.fr</website>
<parameter>
		<name>Red parts</name>
		<code>fR</code>
		<description>Wanted color for these parts</description>
		<type>int_float4</type>
		<property>COLOR</property>
		<value>0</value>
</parameter>
<parameter>
		<name>Green parts</name>
		<code>fG</code>
		<description>Wanted color for these parts</description>
		<type>int_float4</type>
		<property>COLOR</property>
		<value>0</value>
</parameter>
<parameter>
		<name>Blue parts</name>
		<code>fB</code>
		<description>Wanted color for these parts</description>
		<type>int_float4</type>
		<property>COLOR</property>
		<value>0</value>
</parameter>
<parameter>
		<name>Yellow parts</name>
		<code>fY</code>
		<description>Wanted color for these parts</description>
		<type>int_float4</type>
		<property>COLOR</property>
		<value>0</value>
</parameter>
<parameter>
		<name>Cyan parts</name>
		<code>fC</code>
		<description>Wanted color for these parts</description>
		<type>int_float4</type>
		<property>COLOR</property>
		<value>0</value>
</parameter>
<parameter>
		<name>Magenta parts</name>
		<code>fP</code>
		<description>Wanted color for these parts</description>
		<type>int_float4</type>
		<property>COLOR</property>
		<value>0</value>
</parameter>
<parameter>
		<name>Error</name>
		<code>fCoeff</code>
		<description>Accepted error to consider the colors as colorizable ones (0-1)</description>
		<type>float</type>
		<property>edit</property>
		<value>0.01</value>
		<min>0.0</min>
</parameter>
</effect>

