<effect>
<name>Zoom with Crop and Align</name>
<description>Zoom in and out cropping it and align to a position when you need it close to an edge.</description>
<author>Sphax - Flavien Clermont, Crop & Align added by NaitorStudios</author>
<company>Complex-softwares</company>
<website>http://complex.softwares.free.fr</website>
<parameter>
		<name>X Scale</name>
		<code>xScale</code>
		<description>Width coefficient</description>
		<type>float</type>
		<property>edit</property>
		<value>0.5</value>
		<min>0.0</min>
</parameter>
<parameter>
		<name>Y Scale</name>
		<code>yScale</code>
		<description>Height coefficient</description>
		<type>float</type>
		<property>edit</property>
		<value>0.5</value>
		<min>0.0</min>
</parameter>
<parameter>
		<name>X Alignment</name>
		<code>xAlign</code>
		<description>0 for Left, 1 for Right, 0.5 for Center.</description>
		<type>float</type>
		<property>edit</property>
		<value>0.5</value>
		<min>0.0</min>
</parameter>
<parameter>
		<name>Y Alignment</name>
		<code>yAlign</code>
		<description>0 for Top, 1 for Bottom, 0.5 for Center.</description>
		<type>float</type>
		<property>edit</property>
		<value>0.5</value>
		<min>0.0</min>
</parameter>
</effect>

