<effect>
<name>Cut by Angle</name>
<description>Cut an object using a normalised vector (from an angle) with an offset</description>
<parameter>
		<name>Offset X</name>
		<code>fOffsetX</code>
		<description>The Offset's X Coordinate</description>
		// Property type (EDIT, SLIDER, SPIN, CHECKBOX, COLOR)
		<property>edit</property>
        <type>float</type>
        <value>0.0f</value>
</parameter>
<parameter>
		<name>Offset Y</name>
		<code>fOffsetY</code>
		<description>The Offset's Y Coordinate</description>
		// Property type (EDIT, SLIDER, SPIN, CHECKBOX, COLOR)
		<property>edit</property>
        <type>float</type>
        <value>0.0f</value>
</parameter>
<parameter>
		<name>Cut Direction X</name>
		<code>fAngleX</code>
		<description>The Cut Direction's X Coordinate</description>
		// Property type (EDIT, SLIDER, SPIN, CHECKBOX, COLOR)
		<property>edit</property>
        <type>float</type>
        <value>0.0f</value>
</parameter>
<parameter>
		<name>Cut Direction Y</name>
		<code>fAngleY</code>
		<description>The Cut Direction's Y Coordinate</description>
		// Property type (EDIT, SLIDER, SPIN, CHECKBOX, COLOR)
		<property>edit</property>
        <type>float</type>
        <value>0.0f</value>
</parameter>
</effect>
