<effect>
<name>Gauss Blur</name>
<author>Defisym</author>
<description>Creat Gauss Blur, Only For DX11</description>
<parameter>
		<name>Radius</name>
		<code>fR</code>
		<description>Radius of Blur, Max is 1024</description>
		<type>int</type>
		<property>edit</property>
		<value>1</value>
</parameter>
<parameter>
		<name>Background Blur</name>
		<code>BG</code>
		<description>Blur Background</description>
		<type>INT</type>
		<property>CHECKBOX</property>
		<value>0</value>
</parameter>
<parameter>
	<name>Alpha</name>
	<code>fA</code>
	<description>Visibility of the Foreground</description>
	<type>int</type>
	<property>edit</property>
	<value>0.0</value>
</parameter>
<BackgroundTexture>1</BackgroundTexture>
</effect>

