<effect>
<name>3dPerspective</name>
<author>MuddyMole/Sketchy, Ports by NaitorStudios</author>
<description>v1.0.1 - Requires at least 1px of transparent border to work properly</description>
<parameter>
		<name>fH</name>
		<code>fH</code>
		<description>Horizontal pan</description>
		<type>float</type>
		<property>edit</property>
		<value>0.0</value>
</parameter>
<parameter>
		<name>fV</name>
		<code>fV</code>
		<description>Vertical tilt</description>
		<type>float</type>
		<property>edit</property>
		<value>0.0</value>
</parameter>
<parameter>
		<name>fD</name>
		<code>fD</code>
		<description>Distance of camera</description>
		<type>float</type>
		<property>edit</property>
		<value>1.0</value>
</parameter>

<parameter>
		<name>Zoom</name>
		<code>fZ</code>
		<description>Distance of camera</description>
		<type>float</type>
		<property>edit</property>
		<value>1.0</value>
</parameter>

<sampler>
	<index>0</index>
	<filter>linear</filter>
	<filter>linear</filter>
	<addressU>Border</addressU>
	<addressV>Border</addressV>
	<BorderColor>0</BorderColor>
</sampler>
</effect>