<effect>
<name>Nobu's Grass effect</name>
<description>Alpha shader for tile depth illusion</description>
<parameter>

		// Name of parameter property
		<name>Blend Coef</name>

		// Parameter name (in the .fx file)
		<code>fBlend</code>

		// Description
		<description>Controls the intensity of the effect.</description>

		// Type (int or float)
		<type>float</type>

		// Property type (EDIT, SLIDER, SPIN, CHECKBOX, COLOR)
		<property>edit</property>

		// Default value
		<value>1.0</value>

		// Optional : min and max values, not used by all the parameters
		//<min>0.0</min>
		//<max>2.0</max>
</parameter>

<parameter>

		// Name of parameter property
		<name>Grass Texture</name>

		// Parameter name (in the .fx file)
		<code>Grass</code>

		// Description
		<description>The alpha texture applied with this effect.</description>

		// Type (int or float)
		<type>image</type>

		// Property type (EDIT, SLIDER, SPIN, CHECKBOX, COLOR)
		<property>image</property>

		// Default value
		<value>Grass.png</value>
</parameter>

</effect>
