<effect>
<name>Simple Color Burn</name>
<author>Nobuyuki (nobu@subsoap.com)</author>
<description>Applies a color coefficient to an object using the Color Burn algorithm.  Based on Looki's shader.</description>
<parameter>

		// Name of parameter property
		<name>Color</name>

		// Parameter name (in the .fx file)
		<code>color</code>

		// Description
		<description>Blending color to burn in.</description>

		// Type (int or float)
		<type>int_float4</type>

		// Property type (EDIT, SLIDER, SPIN, CHECKBOX, COLOR)
		<property>color</property>

</parameter>
</effect>
