<effect>
<name>Altscale</name>
<description>Scales an image using the Scale2x algorithm.</description>
<author>Sketchy</author>
<parameter>
		<name>bitmap_width</name>
		<code>bitmap_width</code>
		<description>Source width.</description>
		<type>int</type>
		<property>edit</property>
		<value>0</value>
</parameter>
<parameter>
		<name>bitmap_height</name>
		<code>bitmap_height</code>
		<description>Source height.</description>
		<type>int</type>
		<property>edit</property>
		<value>0</value>
</parameter>
<parameter>
		<name>x_scale</name>
		<code>x_scale</code>
		<description>Source width.</description>
		<type>int</type>
		<property>edit</property>
		<value>0</value>
</parameter>
<parameter>
		<name>y_scale</name>
		<code>y_scale</code>
		<description>Source height.</description>
		<type>int</type>
		<property>edit</property>
		<value>0</value>
</parameter>
</effect>