<effect>
<name>Brightness map</name>
<description>The shader changes an object's opacity basing on an image map</description>
<author>Schrodinger</author>
<company>Lizardking</company>
<copyright>Public domain, free for any use</copyright>

<parameter>
		<name>X_pos</name>
		<code>X_pos</code>
		<description>left edge of the object</description>
		<type>float</type>
		<property>edit</property>
		<value>0</value>
		<preview_value>0</preview_value>
</parameter>
<parameter>
		<name>Y_pos</name>
		<code>Y_pos</code>
		<description>top edge of the object</description>
		<type>float</type>
		<property>edit</property>
		<value>0</value>
		<preview_value>0</preview_value>
</parameter>
<parameter>
		<name>o_width</name>
		<code>o_width</code>
		<description>width of the object</description>
		<type>float</type>
		<property>edit</property>
		<value>0</value>
		<preview_value>0</preview_value>
</parameter>
<parameter>
		<name>o_height</name>
		<code>o_height</code>
		<description>height of the object</description>
		<type>float</type>
		<property>edit</property>
		<value>0</value>
		<preview_value>0</preview_value>
</parameter>
<parameter>
		<name>map_width</name>
		<code>map_width</code>
		<description>pixel width of the image map</description>
		<type>float</type>
		<property>edit</property>
		<value>0</value>
		<preview_value>0</preview_value>
</parameter>
<parameter>
		<name>map_height</name>
		<code>map_height</code>
		<description>pixel height of the image map</description>
		<type>float</type>
		<property>edit</property>
		<value>0</value>
		<preview_value>0</preview_value>
</parameter>
<parameter>
		<name>b_map</name>
		<code>b_map</code>
		<type>IMAGE</type>
		<property>IMAGE</property>
		<value></value>
</parameter>

</effect>
