<effect>
  <name>Add Color HSL</name>
  <description>
    Add the color components of the given HSL color to the source image.
  </description>
  <parameter>
    <name>Hue</name>
    <code>hue</code>
    <description>The hue component of the color to be added.</description>
    <type>float</type>
    <value>0.0</value>
  </parameter>
  <parameter>
    <name>Saturation</name>
    <code>saturation</code>
    <description>The saturation component of the color to be added.</description>
    <type>float</type>
    <value>1.0</value>
  </parameter>
  <parameter>
    <name>Lightness</name>
    <code>lightness</code>
    <description>The lightness component of the color to be added.</description>
    <type>float</type>
    <value>0.5f</value>
  </parameter>
  <parameter>
    <name>Semitransparency</name>
    <code>semitransparency</code>
    <description>Semitransparency, for applications with premultiplied alphas disabled. Set to 0 for opaque or 1 for fully transparent.</description>
    <type>FLOAT</type>
    <value>0.0</value>
  </parameter>
  <parameter>
    <name>Inverted</name>
    <code>inverted</code>
    <description>Whether to invert the final color for pixels. 0 for no, 1 for yes.</description>
    <type>int</type>
    <value>0</value>
  </parameter>
  <BackgroundTexture>1</BackgroundTexture>
</effect>
