<effect>
<name>Palette Swapper</name>
<description>Used to swap the palette of an object, be it an active or a background.</description>
<author>Warguy555, DX11 Port by NaitorStudios</author>
<parameter>
	<name>PaletteTexture</name>
	<code>fPalette</code>
	<description>Image containing all palettes stacked on top of one another or a singular palette.</description>
	<type>image</type>
	<property>image</property>
</parameter>
<parameter>
	<name>PaletteIndex</name>
	<code>fIndex</code>
	<description>The y location or row of the desired palette (as a whole number in pixels).</description>
	<type>float</type>
	<property>edit</property>
	<value>1</value>
</parameter>
<parameter>
	<name>PaletteHeight</name>
	<code>fHeight</code>
	<description>The height of the palette texture (as a whole number in pixels).</description>
	<type>float</type>
	<property>edit</property>
	<value>1</value>
</parameter>
</effect>