<effect>
<name>Blend Shader Example</name>
<description>Simple example of shader with one parameter</description>
<parameter>

		// Name of parameter property
		<name>Blend Coef (float)</name>

		// Parameter name (in the .fx file)
		<code>fBlend</code>

		// Description
		<description>Simple example of parameter</description>

		// Type (int or float)
		<type>float</type>

		// Property type (EDIT, SLIDER, SPIN, CHECKBOX, COLOR)
		<property>edit</property>

		// Default value
		<value>1.0</value>

		// Optional : min and max values, not used by all the parameters
		//<min>0.0</min>
		//<max>1.0</max>
</parameter>
</effect>
