<effect>
<name>Color Cycle FX</name>
<description>Color Cycle FX dx9</description>
<author>Gigatron</author>
<parameter>
	<name>Timer</name>
	<description>Timer Value; increase this value always set effect parameter 'tt' to  Timer*0.002 to reverse direction Timer*-0.002</description>
	<code>tt</code>
	<type>float</type>
	<value>0.005</value>
</parameter>
<parameter>
	<name>Color R</name>
	<description>Color R component</description>
	<code>clr</code>
	<type>int_float4</type>
    <property>Color</property>
	<value>65535</value>
</parameter>
<parameter>
	<name>Color G</name>
	<description>Color G component</description>
	<code>clg</code>
	<type>int_float4</type>
    <property>Color</property>
	<value>65535</value>
</parameter>
<parameter>
	<name>Color B</name>
	<description>Color B component</description>
	<code>clb</code>
	<type>int_float4</type>
    <property>Color</property>
	<value>65535</value>
</parameter>

 </effect>

