<effect>
<name>Black and White</name>
<description>Change the picture aspect to black and white</description>
<author>Sphax - Flavien Clermont</author>
<company>Complex-softwares</company>
<website>http://complex.softwares.free.fr</website>
<parameter>
		<name>Threshold</name>
		<code>fThreshold</code>
		<description>Threshold coefficient</description>
		<type>float</type>
		<property>edit</property>
		<value>0.5</value>
		<min>0.0</min>
		<max>1.0</max>
</parameter>
</effect>

