<effect>
<name>Marching Ants</name>
<author>Original by Looki, Edit by NaitorStudios</author>
<description>Draws a 1px border around an object with a stripe pattern that can move.</description>
<parameter>
		<name>Step</name>
		<description>Always increment 0.5 to get the actual moving.</description>
		<code>step</code>
		<type>float</type>
		<property>float</property>
		<value>0</value>
</parameter>
<parameter>
		<name>Object Width</name>
		<description></description>
		<code>oWidth</code>
		<type>float</type>
		<property>float</property>
		<value>32</value>
</parameter>
<parameter>
		<name>Object Height</name>
		<description></description>
		<code>oHeight</code>
		<type>float</type>
		<property>float</property>
		<value>32</value>
</parameter>
</effect>