<effect>
<name>Blue Box</name>
<author>MuddyMole, DX11 Port by NaitorStudios</author>
<description>Draws a blue box.</description>
<parameter>
	<name>Green</name>
	<code>fGreen</code>
	<description>The green component value.</description>
	<type>int</type>
	<property>edit</property>
	<value>0</value>
	<min>0</min>
	<max>255</max>
</parameter>
<parameter>
	<name>Red</name>
	<code>fRed</code>
	<description>The red component value.</description>
	<type>int</type>
	<property>edit</property>
	<value>0</value>
	<min>0</min>
	<max>255</max>
</parameter>

</effect>
