<effect>
  <name>Add Color</name>
  <description>
    Add the color components of the given RGB color to the source image.
  </description>
  <parameter>
    <name>Color</name>
    <code>color</code>
    <description>The color to be added.</description>
    <type>int_float4</type>
    <property>COLOR</property>
    <value>0.0</value>
  </parameter>
  <parameter>
    <name>Semitransparency</name>
    <code>semitransparency</code>
    <description>Semitransparency, for applications with premultiplied alphas disabled. Set to 0 for opaque or 1 for fully transparent.</description>
    <type>FLOAT</type>
    <value>0.0</value>
  </parameter>
  <parameter>
    <name>Inverted</name>
    <code>inverted</code>
    <description>Whether to invert the final color for pixels. 0 for no, 1 for yes.</description>
    <type>int</type>
    <value>0</value>
  </parameter>
  <BackgroundTexture>1</BackgroundTexture>
</effect>
