<effect>
<name>8Bits Colors</name>
<description>8Bits Palette Colors</description>
<author>Sloxone</author>
<parameter>
	<name>Brightness</name>
	<code>BRIGHTNESS</code>
	<type>float</type>
	<value>1.0</value>
</parameter>
<parameter>
	<name>Pixel Size</name>
	<description>Pixel Size Resolution</description>
	<code>pixelSize</code>
	<type>float</type>
	<value>32.0</value>
</parameter>
<parameter>
	<name>Mode</name>
	<code>md</code>
	<type>int</type>
	<value>1</value>
</parameter>
<parameter>
	<name>Two Bgs</name>
    <description>TWOBGS on/off</description>
	<code>TWOBGS</code>
	<type>bool</type>
    <property>CHECKBOX</property>
	<value>1</value>
</parameter>
<parameter>
	<name>Black and White</name>
    <description>Black and White on/off</description>
	<code>BW</code>
	<type>bool</type>
    <property>CHECKBOX</property>
	<value>0</value>
</parameter>
<parameter>
	<name>Nes Palette</name>
    <description>Nes Palette on/off</description>
	<code>NES</code>
	<type>bool</type>
    <property>CHECKBOX</property>
	<value>0</value>
</parameter>
<parameter>
	<name>Ega Palette</name>
    <description>EGA Palette on/off</description>
	<code>EGA</code>
	<type>bool</type>
    <property>CHECKBOX</property>
	<value>0</value>
</parameter>
<parameter>
	<name>CPC Palette</name>
    <description>CPC Palette on/off</description>
	<code>CPC</code>
	<type>bool</type>
    <property>CHECKBOX</property>
	<value>0</value>
</parameter>
<parameter>
	<name>Cga Palette</name>
    <description>CGA Palette on/off</description>
	<code>CGA</code>
	<type>bool</type>
    <property>CHECKBOX</property>
	<value>0</value>
</parameter>
<parameter>
	<name>Game-Boy Palette</name>
    <description>Game-Boy Palette on/off</description>
	<code>GAMEBOY</code>
	<type>bool</type>
    <property>CHECKBOX</property>
	<value>0</value>
</parameter>
<parameter>
	<name>Teletext Palette</name>
    <description>Teletext Palette on/off</description>
	<code>TELETEXT</code>
	<type>bool</type>
    <property>CHECKBOX</property>
	<value>0</value>
</parameter>
<parameter>
	<name>SMS Palette</name>
    <description>SMS Palette on/off</description>
	<code>SMS</code>
	<type>bool</type>
    <property>CHECKBOX</property>
	<value>0</value>
</parameter>
<parameter>
	<name>C64 Palette</name>
    <description>C64 Palette on/off</description>
	<code>C64</code>
	<type>bool</type>
    <property>CHECKBOX</property>
	<value>0</value>
</parameter>
<parameter>
	<name>Z80 Palette</name>
    <description>Z80 Palette on/off</description>
	<code>Z80</code>
	<type>bool</type>
    <property>CHECKBOX</property>
	<value>0</value>
</parameter>

</effect>

