<effect>
<name>Colorize: Grey</name>
<description>Change the grey parts to colorized ones</description>
<author>Sphax - Flavien Clermont</author>
<company>Complex-softwares</company>
<website>http://complex.softwares.free.fr</website>
<parameter>
		<name>Color tint</name>
		<code>fTint</code>
		<description>Wanted color for grey parts</description>
		<type>int_float4</type>
		<property>COLOR</property>
		<value>0</value>
</parameter>
<parameter>
		<name>Error</name>
		<code>fCoeff</code>
		<description>Accepted error to consider the grey as a colorizable one (0-1)</description>
		<type>float</type>
		<property>edit</property>
		<value>0.01</value>
		<min>0.0</min>
</parameter>
</effect>

