<effect>
<name>Cartoon Shading</name>
<author>mihailsh</author>
<description>Some Cartoon Shading. Convert all Ligting in HSL format to other quantity of lights</description>


<parameter>
	<name>number_of_lights</name>
	<variable>number_of_lights</variable>
	<description>nubler of lights in image</description>
	<type>int</type>
	<property>edit</property>
	<value>5</value>
	<min>0</min>
</parameter>

<parameter>
	<name>Outline</name>
	<variable>is_Outline</variable>
	<description>draw outline 1- enable</description>
	<type>int</type>
	<property>checkbox</property>
	<value>0</value>
	<min>0</min>
</parameter>

<parameter>
	<name>outline width</name>
	<variable>line_width</variable>
	<description>line width</description>
	<type>float</type>
	<property>edit</property>
	<value>1</value>
	<min>0</min>
</parameter>


<parameter>
	<name>line color</name>
	<code>line_color</code>
	<description>line color</description>
	<type>INT_FLOAT4</type>
	<property>COLOR</property>
<value>0</value>
</parameter>
 
</effect>